{
    "total_return": 0.9349963560506023,
    "annualized_return": 0.061232231119114244,
    "sharpe_ratio": 0.6101500719022455,
    "max_drawdown": -0.11910249624301662,
    "calmar_ratio": 0.5141137511860042,
    "win_rate": 0.48624508753126117,
    "num_days": 2799,
    "signal_time_sec": 0.1208
}